[{"model": "courses.course", "pk": 1, "fields": {"title": "Introduction to Computer Science", "description": "Learn the basics of computer science.", "instructor": 2, "created_at": "2024-09-01T10:00:00Z"}}, {"model": "courses.course", "pk": 2, "fields": {"title": "Advanced Mathematics", "description": "A deeper dive into mathematical concepts.", "instructor": 3, "created_at": "2024-09-01T10:05:00Z"}}, {"model": "courses.course", "pk": 3, "fields": {"title": "Physics 101", "description": "Introduction to physics concepts.", "instructor": 4, "created_at": "2024-09-01T10:10:00Z"}}, {"model": "courses.course", "pk": 4, "fields": {"title": "Chemistry Basics", "description": "Basic concepts of chemistry.", "instructor": 5, "created_at": "2024-09-01T10:15:00Z"}}, {"model": "courses.course", "pk": 5, "fields": {"title": "World History", "description": "Explore the history of civilizations around the world.", "instructor": 6, "created_at": "2024-09-01T10:20:00Z"}}, {"model": "courses.topic", "pk": 1, "fields": {"course": 1, "title": "Basic Concepts", "body": "Introduction to basic computer science concepts.", "attachment": "", "created_at": "2024-09-01T11:00:00Z"}}, {"model": "courses.topic", "pk": 2, "fields": {"course": 1, "title": "Algorithms", "body": "Understanding algorithms in computer science.", "attachment": "", "created_at": "2024-09-01T11:05:00Z"}}, {"model": "courses.topic", "pk": 3, "fields": {"course": 1, "title": "Data Structures", "body": "Exploring different data structures.", "attachment": "", "created_at": "2024-09-01T11:10:00Z"}}, {"model": "courses.topic", "pk": 4, "fields": {"course": 1, "title": "Software Development", "body": "Basics of software development.", "attachment": "", "created_at": "2024-09-01T11:15:00Z"}}, {"model": "courses.topic", "pk": 5, "fields": {"course": 2, "title": "Set Theory", "body": "Set theory in mathematics.", "attachment": "", "created_at": "2024-09-01T11:20:00Z"}}, {"model": "courses.topic", "pk": 6, "fields": {"course": 2, "title": "Calculus", "body": "Advanced calculus concepts.", "attachment": "", "created_at": "2024-09-01T11:25:00Z"}}, {"model": "courses.topic", "pk": 7, "fields": {"course": 2, "title": "Linear Algebra", "body": "Introduction to linear algebra.", "attachment": "", "created_at": "2024-09-01T11:30:00Z"}}, {"model": "courses.topic", "pk": 8, "fields": {"course": 2, "title": "Probability", "body": "Basics of probability theory.", "attachment": "", "created_at": "2024-09-01T11:35:00Z"}}, {"model": "courses.topic", "pk": 9, "fields": {"course": 3, "title": "Newtonian Mechanics", "body": "Basics of Newtonian mechanics.", "attachment": "", "created_at": "2024-09-01T11:40:00Z"}}, {"model": "courses.topic", "pk": 10, "fields": {"course": 3, "title": "Electromagnetism", "body": "Fundamentals of electromagnetism.", "attachment": "", "created_at": "2024-09-01T11:45:00Z"}}, {"model": "courses.topic", "pk": 11, "fields": {"course": 3, "title": "Thermodynamics", "body": "Introduction to thermodynamics.", "attachment": "", "created_at": "2024-09-01T11:50:00Z"}}, {"model": "courses.topic", "pk": 12, "fields": {"course": 3, "title": "Waves and Optics", "body": "Exploring waves and optics.", "attachment": "", "created_at": "2024-09-01T11:55:00Z"}}, {"model": "courses.topic", "pk": 13, "fields": {"course": 4, "title": "Atomic Structure", "body": "Understanding atomic structure.", "attachment": "", "created_at": "2024-09-01T12:00:00Z"}}, {"model": "courses.topic", "pk": 14, "fields": {"course": 4, "title": "Periodic Table", "body": "Exploring the periodic table.", "attachment": "", "created_at": "2024-09-01T12:05:00Z"}}, {"model": "courses.topic", "pk": 15, "fields": {"course": 4, "title": "Chemical Bonds", "body": "Introduction to chemical bonding.", "attachment": "", "created_at": "2024-09-01T12:10:00Z"}}, {"model": "courses.topic", "pk": 16, "fields": {"course": 4, "title": "Acids and Bases", "body": "Basics of acids and bases.", "attachment": "", "created_at": "2024-09-01T12:15:00Z"}}, {"model": "courses.topic", "pk": 17, "fields": {"course": 5, "title": "Ancient Civilizations", "body": "Studying ancient civilizations.", "attachment": "", "created_at": "2024-09-01T12:20:00Z"}}, {"model": "courses.topic", "pk": 18, "fields": {"course": 5, "title": "Medieval Period", "body": "Exploring the medieval period.", "attachment": "", "created_at": "2024-09-01T12:25:00Z"}}, {"model": "courses.topic", "pk": 19, "fields": {"course": 5, "title": "Renaissance", "body": "The Renaissance period and its impact.", "attachment": "", "created_at": "2024-09-01T12:30:00Z"}}, {"model": "courses.topic", "pk": 20, "fields": {"course": 5, "title": "World Wars", "body": "A study of World Wars.", "attachment": "", "created_at": "2024-09-01T12:35:00Z"}}, {"model": "sessions.session", "pk": "lunhsk9uti6w2knsgywkxe0600gif1ma", "fields": {"session_data": ".eJxVjMsOwiAQAP-FsyHlISwevfsNhF22UjWQlPZk_HdD0oNeZybzFjHtW4l75zUuWVyEEqdfhomeXIfIj1TvTVKr27qgHIk8bJe3lvl1Pdq_QUm9jG12yhESuGCJJssQSBkVLJydN6QJYCb2Go3VDLMPmieftDeOjEVC8fkC0TA3gw:1skl63:MAxeBGJNjDVQVc8X6urhZAJpJhPT3NgULXRia1_QCx8", "expire_date": "2024-09-15T13:58:27.863Z"}}, {"model": "accounts.user", "fields": {"password": "pbkdf2_sha256$870000$XsECwv3ZpVZzSX5XMY5Rgd$llYSn5DH3cLIysA75MuLqc1AdzpZYpFMjM10rnjIOJ0=", "last_login": "2024-09-01T14:32:58.159Z", "is_superuser": true, "username": "superuser", "first_name": "", "last_name": "", "is_staff": true, "is_active": true, "date_joined": "2024-09-01T13:58:18.433Z", "email": "super@user.com", "is_student": false, "is_teacher": false, "groups": [], "user_permissions": []}}, {"model": "accounts.user", "fields": {"password": "hashed_password", "last_login": null, "is_superuser": false, "username": "john_doe", "first_name": "John", "last_name": "Doe", "is_staff": true, "is_active": true, "date_joined": "2024-09-01T12:00:00Z", "email": "johndoe@example.com", "is_student": false, "is_teacher": true, "groups": [], "user_permissions": []}}, {"model": "accounts.user", "fields": {"password": "hashed_password", "last_login": null, "is_superuser": false, "username": "jane_smith", "first_name": "Jane", "last_name": "Smith", "is_staff": true, "is_active": true, "date_joined": "2024-09-01T12:05:00Z", "email": "janesmith@example.com", "is_student": false, "is_teacher": true, "groups": [], "user_permissions": []}}, {"model": "accounts.user", "fields": {"password": "hashed_password", "last_login": null, "is_superuser": false, "username": "robert_tan", "first_name": "Robert", "last_name": "Tan", "is_staff": true, "is_active": true, "date_joined": "2024-09-01T12:10:00Z", "email": "roberttan@example.com", "is_student": false, "is_teacher": true, "groups": [], "user_permissions": []}}, {"model": "accounts.user", "fields": {"password": "hashed_password", "last_login": null, "is_superuser": false, "username": "laura_jones", "first_name": "Laura", "last_name": "Jones", "is_staff": true, "is_active": true, "date_joined": "2024-09-01T12:15:00Z", "email": "laurajones@example.com", "is_student": false, "is_teacher": true, "groups": [], "user_permissions": []}}, {"model": "accounts.user", "fields": {"password": "hashed_password", "last_login": null, "is_superuser": false, "username": "chris_teach", "first_name": "Chris", "last_name": "Teach", "is_staff": true, "is_active": true, "date_joined": "2024-09-01T12:20:00Z", "email": "christeach@example.com", "is_student": false, "is_teacher": true, "groups": [], "user_permissions": []}}, {"model": "accounts.user", "fields": {"password": "hashed_password", "last_login": null, "is_superuser": false, "username": "alice_johnson", "first_name": "Alice", "last_name": "Johnson", "is_staff": false, "is_active": true, "date_joined": "2024-09-01T12:25:00Z", "email": "alicejohnson@example.com", "is_student": true, "is_teacher": false, "groups": [], "user_permissions": []}}, {"model": "accounts.user", "fields": {"password": "hashed_password", "last_login": null, "is_superuser": false, "username": "bob_miller", "first_name": "Bob", "last_name": "Miller", "is_staff": false, "is_active": true, "date_joined": "2024-09-01T12:30:00Z", "email": "bobmiller@example.com", "is_student": true, "is_teacher": false, "groups": [], "user_permissions": []}}, {"model": "accounts.user", "fields": {"password": "hashed_password", "last_login": null, "is_superuser": false, "username": "carol_lee", "first_name": "Carol", "last_name": "Lee", "is_staff": false, "is_active": true, "date_joined": "2024-09-01T12:35:00Z", "email": "carollee@example.com", "is_student": true, "is_teacher": false, "groups": [], "user_permissions": []}}, {"model": "accounts.user", "fields": {"password": "hashed_password", "last_login": null, "is_superuser": false, "username": "dave_wilson", "first_name": "Dave", "last_name": "Wilson", "is_staff": false, "is_active": true, "date_joined": "2024-09-01T12:40:00Z", "email": "davewilson@example.com", "is_student": true, "is_teacher": false, "groups": [], "user_permissions": []}}, {"model": "accounts.user", "fields": {"password": "hashed_password", "last_login": null, "is_superuser": false, "username": "eve_martin", "first_name": "Eve", "last_name": "Martin", "is_staff": false, "is_active": true, "date_joined": "2024-09-01T12:45:00Z", "email": "evemartin@example.com", "is_student": true, "is_teacher": false, "groups": [], "user_permissions": []}}, {"model": "accounts.user", "fields": {"password": "hashed_password", "last_login": null, "is_superuser": false, "username": "frank_kim", "first_name": "Frank", "last_name": "Kim", "is_staff": false, "is_active": true, "date_joined": "2024-09-01T12:50:00Z", "email": "frankkim@example.com", "is_student": true, "is_teacher": false, "groups": [], "user_permissions": []}}, {"model": "accounts.user", "fields": {"password": "hashed_password", "last_login": null, "is_superuser": false, "username": "grace_patel", "first_name": "Grace", "last_name": "Patel", "is_staff": false, "is_active": true, "date_joined": "2024-09-01T12:55:00Z", "email": "gracepatel@example.com", "is_student": true, "is_teacher": false, "groups": [], "user_permissions": []}}, {"model": "accounts.user", "fields": {"password": "hashed_password", "last_login": null, "is_superuser": false, "username": "hank_brown", "first_name": "Hank", "last_name": "Brown", "is_staff": false, "is_active": true, "date_joined": "2024-09-01T13:00:00Z", "email": "hankbrown@example.com", "is_student": true, "is_teacher": false, "groups": [], "user_permissions": []}}, {"model": "accounts.user", "fields": {"password": "hashed_password", "last_login": null, "is_superuser": false, "username": "ivy_nguyen", "first_name": "Ivy", "last_name": "Nguyen", "is_staff": false, "is_active": true, "date_joined": "2024-09-01T13:05:00Z", "email": "ivynguyen@example.com", "is_student": true, "is_teacher": false, "groups": [], "user_permissions": []}}, {"model": "accounts.user", "fields": {"password": "hashed_password", "last_login": null, "is_superuser": false, "username": "jackson_clark", "first_name": "Jackson", "last_name": "Clark", "is_staff": false, "is_active": true, "date_joined": "2024-09-01T13:10:00Z", "email": "jacksonclark@example.com", "is_student": true, "is_teacher": false, "groups": [], "user_permissions": []}}, {"model": "accounts.user", "fields": {"password": "pbkdf2_sha256$870000$42fApkq2gIzdY06oihMpIN$jaRupHwsYeOVm0rzELrR6INnvboJuYmok0GRgDwN06k=", "last_login": "2024-09-01T14:43:02.283Z", "is_superuser": true, "username": "minkha", "first_name": "Lu", "last_name": "Min Kha", "is_staff": true, "is_active": true, "date_joined": "2024-09-01T14:33:36Z", "email": "luminkha.mdy@gmail.com", "is_student": true, "is_teacher": false, "groups": [], "user_permissions": []}}, {"model": "accounts.user", "fields": {"password": "pbkdf2_sha256$870000$sBPPDpgjpJlWmQ5LQz4G9Z$jCZxQm5pygxsbg5K/0d5IwydtSQnU+L7F1pcfAOq7YE=", "last_login": "2024-09-01T14:39:00.567Z", "is_superuser": false, "username": "amy", "first_name": "Amy", "last_name": "Tan", "is_staff": false, "is_active": true, "date_joined": "2024-09-01T14:38:50.326Z", "email": "rentedforever@gmail.com", "is_student": false, "is_teacher": false, "groups": [], "user_permissions": []}}, {"model": "accounts.user", "fields": {"password": "pbkdf2_sha256$870000$rcqKEiHCxbCbyClgTxOZ2D$y/hCQNOLE2wxgYyaPGbDjI58ukhxHssGk2nvyG2bbKw=", "last_login": null, "is_superuser": false, "username": "poyi", "first_name": "Poyi", "last_name": "Tan", "is_staff": false, "is_active": true, "date_joined": "2024-09-01T14:56:33.430Z", "email": "poyitan@gmail.com", "is_student": false, "is_teacher": false, "groups": [], "user_permissions": []}}, {"model": "accounts.user", "fields": {"password": "pbkdf2_sha256$870000$832jlXLlLjQ850hhATltVH$BKIEJ43j5v9iaavETmzbp+BG34AgTEbIOBp1zXI/Quo=", "last_login": null, "is_superuser": false, "username": "pipu", "first_name": "Pipu", "last_name": "Tan", "is_staff": false, "is_active": true, "date_joined": "2024-09-01T14:59:10.715Z", "email": "piputan@gmail.com", "is_student": false, "is_teacher": false, "groups": [], "user_permissions": []}}, {"model": "accounts.student", "pk": 7, "fields": {}}, {"model": "accounts.student", "pk": 8, "fields": {}}, {"model": "accounts.student", "pk": 9, "fields": {}}, {"model": "accounts.student", "pk": 10, "fields": {}}, {"model": "accounts.student", "pk": 11, "fields": {}}, {"model": "accounts.student", "pk": 12, "fields": {}}, {"model": "accounts.student", "pk": 13, "fields": {}}, {"model": "accounts.student", "pk": 14, "fields": {}}, {"model": "accounts.student", "pk": 15, "fields": {}}, {"model": "accounts.student", "pk": 16, "fields": {}}, {"model": "accounts.student", "pk": 17, "fields": {}}, {"model": "accounts.teacher", "pk": 2, "fields": {}}, {"model": "accounts.teacher", "pk": 3, "fields": {}}, {"model": "accounts.teacher", "pk": 4, "fields": {}}, {"model": "accounts.teacher", "pk": 5, "fields": {}}, {"model": "accounts.teacher", "pk": 6, "fields": {}}, {"model": "admin.logentry", "pk": 1, "fields": {"action_time": "2024-09-01T14:33:36.556Z", "user": ["superuser"], "content_type": ["accounts", "user"], "object_id": "17", "object_repr": "minkha", "action_flag": 1, "change_message": "[{\"added\": {}}]"}}, {"model": "admin.logentry", "pk": 2, "fields": {"action_time": "2024-09-01T14:35:45.893Z", "user": ["superuser"], "content_type": ["accounts", "user"], "object_id": "17", "object_repr": "minkha", "action_flag": 2, "change_message": "[{\"changed\": {\"fields\": [\"First name\", \"Last name\", \"Email\", \"Is student\", \"Staff status\", \"Superuser status\"]}}]"}}]